Airline,Code
Turkish Airlines,TK
Eurowings,EW
Ryanair,FR
Austrian Airlines,OS
Lufthansa,LH
British Airways,BA
EasyJet (DS),DS
easyJet,U2
KLM Royal Dutch Airlines,KL
Air Fiji,PC
Condor Flugdienst,DE
Aer Lingus,EI
Finnair,AY
Brussels Airlines,SN
Iberia Airlines,IB
SunExpress,XQ
Wizz Air,W6
Formosa Airlines,VY
Iran Air,IR
Norwegian Air Shuttle,DY
Aegean Airlines,A3
Jat Airways,JU
Air Senegal International,V7
Aero Services Executive,W4
